batch_idx,baseline_epe,baseline_loss,ssl_epe,ssl_loss,valid_ratio,valid_points,gt_flow_mean,gt_flow_p90,gt_flow_max
0,3.0896260738372803,0.0005702311173081398,8.379135131835938,0.004692586604505777,0.6753255724906921,10373,3.5370571613311768,9.581018447875977,47.23011016845703
1,3.5121817588806152,0.0006401366554200649,5.644396781921387,0.001860003569163382,0.8576172590255737,13173,6.595258712768555,14.658926010131836,52.6212043762207
2,3.0233991146087646,0.0005395504995249212,4.868821144104004,0.0015327776782214642,0.8215495347976685,12619,5.641403675079346,12.630128860473633,44.53534698486328
3,1.8878780603408813,0.0002658917219378054,4.072099208831787,0.0015376040246337652,0.7450520992279053,11444,2.811851978302002,7.5002970695495605,31.027324676513672
4,3.954180955886841,0.0009454356040805578,3.143167018890381,0.0007533345487900078,0.5288411974906921,8123,2.539818525314331,11.44351863861084,22.17957878112793
5,0.9414028525352478,7.231695053633302e-05,1.1031508445739746,8.16053434391506e-05,0.5603516101837158,8607,0.18175454437732697,0.221637561917305,16.266971588134766
6,3.727165937423706,0.0007597210933454335,2.7495992183685303,0.0008174781105481088,0.533203125,8190,2.9664359092712402,13.259397506713867,21.962688446044922
7,4.514084339141846,0.0010466402163729072,5.802145481109619,0.0019965884275734425,0.6010416746139526,9232,2.832441568374634,5.240278244018555,34.98231887817383
8,0.4776870310306549,1.1124213415314443e-05,0.43924376368522644,1.2721217899525072e-05,0.45826825499534607,7039,0.21322479844093323,0.4164274334907532,0.8137720227241516
9,2.5999789237976074,0.00038388295797631145,8.72762393951416,0.003523288294672966,0.8379557728767395,12871,4.777677536010742,9.778533935546875,30.18716049194336
10,3.590203046798706,0.0008415259653702378,11.151119232177734,0.006779609248042107,0.8229818344116211,12641,5.513125419616699,10.713883399963379,88.67315673828125
11,1.7666436433792114,0.00019643847190309316,3.4853675365448,0.00139524950645864,0.8615235090255737,13233,2.476489543914795,7.325568199157715,35.87344741821289
12,1.8998464345932007,0.00020450312877073884,4.096135139465332,0.0015260092914104462,0.5753255486488342,8837,1.943848967552185,3.804003953933716,17.843637466430664
13,2.875077962875366,0.00045626430073753,4.357746601104736,0.0012624498922377825,0.8188802599906921,12578,5.774829864501953,13.76746940612793,54.03389358520508
14,2.0895164012908936,0.0002530160709284246,8.743443489074707,0.004925464279949665,0.6252604722976685,9604,2.532140016555786,4.791833877563477,31.77764129638672
15,4.272346019744873,0.0009253408061340451,17.6263427734375,0.012391811236739159,0.7237630486488342,11117,21.1129207611084,26.5395565032959,52.93728256225586
16,7.326587677001953,0.0026138443499803543,9.115545272827148,0.003844195045530796,0.5852214097976685,8989,8.996559143066406,19.25998306274414,75.42254638671875
17,2.908299207687378,0.0006031758384779096,5.373039245605469,0.002036706078797579,0.6587240099906921,10118,4.699032783508301,10.978678703308105,56.79108428955078
18,3.8531582355499268,0.0007008052780292928,5.171895503997803,0.0015983838820829988,0.8341146111488342,12812,5.8585991859436035,12.506572723388672,45.04767608642578
19,4.038085460662842,0.001297877519391477,7.853878021240234,0.0037565971724689007,0.5966145992279053,9164,8.533299446105957,16.497976303100586,72.35565185546875
20,2.7421889305114746,0.0004447590035852045,4.135904788970947,0.0009814267978072166,0.7684895992279053,11804,4.082561492919922,8.358954429626465,31.56268310546875
21,8.95710563659668,0.004147788975387812,8.211967468261719,0.004623416345566511,0.5933594107627869,9114,11.225472450256348,24.590612411499023,87.50584411621094
22,3.340810775756836,0.0005711860721930861,6.206897735595703,0.0029520057141780853,0.6126953363418579,9411,2.012507677078247,4.278006553649902,13.347911834716797
23,3.5563607215881348,0.0007742825546301901,4.8086466789245605,0.0015312585746869445,0.6607422232627869,10149,4.931708335876465,10.438161849975586,104.07849884033203
24,1.645183801651001,0.00019048516696784645,2.645785331726074,0.00039819595986045897,0.5606120228767395,8611,2.0141892433166504,4.4463396072387695,25.69684600830078
25,5.184487819671631,0.002269291551783681,3.1638379096984863,0.0009222102235071361,0.6739583611488342,10352,3.672105073928833,7.702512741088867,57.20340347290039
26,2.404639482498169,0.00033407058799639344,4.374039649963379,0.0010780419688671827,0.5819661617279053,8939,2.6790335178375244,6.118943691253662,30.55292510986328
27,2.4665679931640625,0.0007755359984003007,3.9198567867279053,0.0014205444604158401,0.9419922232627869,14469,4.099906921386719,11.184690475463867,72.06184387207031
28,1.7295178174972534,0.00017939375538844615,5.674928188323975,0.002076247474178672,0.8274739980697632,12710,4.4537482261657715,8.052427291870117,24.532264709472656
29,2.1022095680236816,0.0002959434932563454,4.156703948974609,0.0012840385315939784,0.7274088859558105,11173,3.291919231414795,6.642279624938965,27.09781837463379
30,1.4723889827728271,0.00016349548241123557,1.670854091644287,0.00040949080721475184,0.8320313096046448,12780,0.8759428262710571,3.2123091220855713,4.872029781341553
31,1.0859404802322388,0.00015689643623773009,0.731855571269989,0.00018280540825799108,0.48938804864883423,7517,0.6516826152801514,0.28023847937583923,21.62468910217285
32,1.0030560493469238,8.753542351769283e-05,0.6094143986701965,0.00014246291539166123,0.56640625,8700,0.13135652244091034,0.08482451736927032,7.438565254211426
33,2.1076412200927734,0.00029295109561644495,6.233480453491211,0.0030338135547935963,0.7233073115348816,11110,3.1391220092773438,5.586377143859863,19.738862991333008
34,2.486377716064453,0.0002973799128085375,4.936044692993164,0.001560433185659349,0.5766276121139526,8857,3.7293789386749268,8.309816360473633,20.809093475341797
35,2.7605326175689697,0.0004704554448835552,4.628045558929443,0.0011871461756527424,0.9409505724906921,14453,4.9628071784973145,10.513525009155273,53.01320266723633
36,4.986875057220459,0.0012501917080953717,5.176196098327637,0.0014386405237019062,0.6100911498069763,9371,3.866532802581787,8.865041732788086,30.929513931274414
37,1.3258683681488037,0.0002372808667132631,1.3361846208572388,0.0005183723988011479,0.5705729722976685,8764,1.6767300367355347,9.368626594543457,38.0422477722168
38,1.7575191259384155,0.00018917415582109243,4.552576541900635,0.0016417232109233737,0.504101574420929,7743,2.4330391883850098,5.29781436920166,15.304335594177246
39,1.0110645294189453,7.20127864042297e-05,0.7128706574440002,7.891751010902226e-05,0.7744141221046448,11895,0.45197123289108276,1.603358507156372,15.817037582397461
40,0.8321844339370728,2.610408773762174e-05,0.455043762922287,1.2278445865376852e-05,0.7712240219116211,11846,0.10808060318231583,0.3141801357269287,0.9104300737380981
41,3.2063002586364746,0.0005577642004936934,2.4228391647338867,0.0007480757194571197,0.503125011920929,7728,2.383450984954834,12.196113586425781,25.81953239440918
42,3.4254283905029297,0.0007315765251405537,4.81486177444458,0.0013342428719624877,0.7822266221046448,12015,3.905961036682129,9.046825408935547,25.344799041748047
43,0.7900727987289429,6.93526744726114e-05,0.8255751729011536,0.00013970807776786387,0.5071614980697632,7790,0.6293164491653442,0.6620544791221619,18.006086349487305
44,4.286234378814697,0.0010528811253607273,4.947967529296875,0.001911962404847145,0.8266276717185974,12697,2.645913600921631,6.497621059417725,28.860017776489258
45,0.8341493606567383,4.070579234394245e-05,0.6371495127677917,1.7768006728147157e-05,0.723828136920929,11118,0.6224851012229919,1.734099268913269,2.204373359680176
46,0.5890582203865051,2.7205089281778783e-05,0.7091754674911499,4.307344715925865e-05,0.4671224057674408,7175,0.18118718266487122,0.4395558536052704,1.6032648086547852
47,2.2155210971832275,0.000295526348054409,3.799816370010376,0.0008280483889393508,0.8189453482627869,12579,5.272342681884766,11.498944282531738,37.21671676635742
48,0.7516304850578308,4.1195635276380926e-05,0.9659768342971802,8.802417141851038e-05,0.8125000596046448,12480,0.6593709588050842,2.4275267124176025,24.829437255859375
49,2.651244640350342,0.000433137989602983,4.039173603057861,0.0009571429691277444,0.8703125715255737,13368,5.246545314788818,11.007120132446289,45.0577278137207
